[ {
  "messageID" : "0000000002",
  "messageHash" : "00:2:HEYUP",
  "sender" : "na_na",
  "recipient" : "+271234546526",
  "content" : "hey can we meet up",
  "timestamp" : "2025-10-15 05:16"
}, {
  "messageID" : "0000000003",
  "messageHash" : "00:3:AREYET?",
  "sender" : "na_na",
  "recipient" : "+279769595963",
  "content" : "are we done yet?",
  "timestamp" : "2025-10-15 05:19"
}, {
  "messageID" : "0000000004",
  "messageHash" : "00:4:HEYUP?",
  "sender" : "na_na",
  "recipient" : "+271234567899",
  "content" : "hey girl so what time are we meeting up?",
  "timestamp" : "2025-10-15 05:19"
}, {
  "messageID" : "0000000005",
  "messageHash" : "00:5:HAPPYGIRL",
  "sender" : "na_na",
  "recipient" : "+270980980987",
  "content" : "happy birthday girl",
  "timestamp" : "2025-10-15 11:49"
}, {
  "messageID" : "0000000006",
  "messageHash" : "00:6:HEY,DONE",
  "sender" : "na_na",
  "recipient" : "+270980980980",
  "content" : "hey, i think we are almost done",
  "timestamp" : "2025-10-15 13:08"
}, {
  "messageID" : "0000000008",
  "messageHash" : "00:8:GIRL,ALREADY!",
  "sender" : "na_na",
  "recipient" : "+271234321234",
  "content" : "Girl, finish up already!",
  "timestamp" : "2025-10-15 19:19"
} ]